bp_rp,g_rp
3.0198898,1.2844162
2.2930946,1.3596458
1.4464455,1.3455772
1.2132702,0.8221264
1.3602886,0.7225857
1.4876652,0.79571915
1.2449951,0.66994476
2.1380634,1.1588097
1.7961903,1.2882633
1.2792645,0.6968975
1.8158703,0.92520714
1.9924545,0.9840126
1.3183136,0.7257767
1.426197,0.75580215
1.3992214,0.75813484
1.2306967,0.69523525
1.2897339,0.8047886
2.2183075,1.6682549
3.050478,1.3368855
1.1208477,0.6592369
2.2460823,1.0995331
1.031496,0.87021255
1.5077152,0.9021988
1.2895079,0.72396755
1.7622204,0.9070778
1.6849518,0.88778305
1.8786125,0.9214268
1.1731491,0.75214386
1.352951,0.7384949
1.5530577,0.8270292
1.390007,0.7622719
1.2353668,0.70084953
1.5719986,0.83571625
1.4756584,0.8031254
1.9051228,1.3299274
1.2625237,0.87191963
2.7374363,1.2714043
2.400938,1.2969093
1.310545,0.7256508
1.3779755,0.750967
2.6682396,1.1751595
1.7611427,1.2341652
1.824234,0.98470306
1.2747631,0.64502335
1.6298275,1.0365734
1.1019382,0.63991547
1.5507736,0.8312664
1.453682,0.7821655
1.6314678,0.8584366
2.0352612,1.1020546
1.4021778,0.7719183
1.7509289,1.1086006
1.3869209,1.0209675
1.4008217,0.78829956
2.068594,1.0404072
1.648819,1.1435013
1.8282032,1.2935753
0.9916115,0.6586094
1.7707386,1.1297779
1.1670475,0.6260586
1.8128624,0.9904957
1.4113083,1.0777321
1.6912613,1.0347424
1.1953545,0.59955025
1.4230843,0.7748928
1.1439991,0.746912
1.3428898,0.7479763
1.5226336,0.81649685
2.1147804,1.0798473
1.3071451,0.7858305
1.223423,0.6857014
1.5837345,0.84272385
1.1912975,0.6623802
1.1035252,0.6762409
1.4977112,0.8542843
1.3099575,0.7271061
1.3324356,0.6659298
2.4162502,1.1867447
3.0581512,1.4564056
1.0470066,0.585804
1.5917568,0.8632374
1.2649183,0.71288013
1.3983431,0.76522636
1.4503708,1.231842
1.2279968,0.7045078
2.2131119,1.0328865
1.297535,0.71683884
2.556549,1.0939999
0.10065842,1.0833435
1.6722031,0.71460915
1.5023842,0.8126583
1.5259476,0.80587006
1.1031723,0.78323746
1.5928116,1.3369274
2.4786358,1.1317692
1.2462921,0.71816635
1.7357311,1.2528114
1.1468849,0.9799042
1.6980839,1.0959091
-2.753706,0.9082489
2.0511608,0.97561646
1.8178158,0.9992008
0.46348572,0.59942436
0.80935097,0.47114563
1.7100048,0.8264351
2.5411682,1.214817
1.5775442,0.8378172
1.2768593,0.7315235
1.1558342,0.67560005
1.4170513,0.7414074
2.4696789,1.0922928
1.1889191,0.8865452
1.0582371,0.632164
1.2893677,0.6848564
1.4626064,0.7238369
1.59939,0.8155308
1.209507,0.6915703
2.3015785,1.0805092
2.4232655,1.1702023
1.2482643,0.68840027
2.8351612,1.2308178
2.3446121,1.1143436
1.954874,1.2843819
0.84544945,0.9423599
1.3393326,0.74941444
1.164854,0.66854
1.6453266,0.8536587
2.4641228,1.1894321
1.217617,0.6741829
2.21352,1.235033
1.8280334,0.9175377
2.3810577,1.1738758
2.5667877,1.3289795
1.5054684,0.7961025
2.0779324,0.9619713
1.933733,1.0634689
1.9346275,0.9687786
0.7019577,0.6564617
2.3101463,1.2643471
1.9918976,0.9884834
1.4530668,0.79573345
1.8611126,0.9429836
1.1718464,1.0310841
2.9737282,1.2411842
1.5250225,0.7958355
2.0879955,1.036396
1.2529926,0.84605217
2.6393661,1.6007252
1.8321075,0.8888359
1.1399574,0.94426346
1.5567856,1.0165501
2.4794216,1.0875683
1.1166162,0.6477337
1.1826668,0.6771984
2.0337868,1.0391293
2.2167873,1.0195637
0.9887562,0.8165455
2.156664,1.1675949
3.0170746,1.2701454
1.6435986,0.92988014
1.6920891,0.877964
1.1269073,0.9412327
0.45630836,0.27412796
1.312088,0.74399185
1.29459,0.71847916
1.3388338,0.7400627
1.9817753,0.9434376
1.2724113,0.7121315
1.7524891,0.90572166
2.1374187,1.2494774
1.374363,0.71497536
2.2709923,1.3114052
2.1878777,1.0271721
2.148529,1.0511112
1.91996,1.4596081
1.0930843,0.6413002
1.889368,1.0269203
1.7139349,0.8828039
1.7460327,0.9087467
1.8914452,2.2477627
2.138607,1.019619
1.90699,3.7648754
1.2529526,0.708663
1.694088,0.848505
1.4033165,0.791687
2.5181885,1.1524601
1.5288048,0.7903786
1.0230274,0.76823425
1.4386158,0.7887497
1.914362,1.0919456
1.1781559,0.7672119
1.5043659,0.84355736
,
2.662407,1.3366966
2.5634708,1.381279
,
1.221323,0.70275307
1.5891705,1.2487316
1.6668701,0.82769203
1.5241871,0.81077766
1.3112173,0.72941875
1.4064999,0.74359894
1.1037712,0.6314907
2.4264946,1.0803051
2.552456,1.11166
1.8245449,0.9664593
1.3293133,0.7348919
1.1174364,0.64863205
1.3429518,0.7477007
1.1771736,0.7114601
1.3793449,0.7769718
1.8967552,1.2712021
2.2335434,1.0463505
1.7764406,0.93612957
0.9799061,0.64061546
1.6889954,0.8160057
1.5672302,0.8226948
1.846983,1.0349445
1.1517086,0.6818867
0.99733925,0.7152653
1.2349949,0.70412636
1.5526791,0.82105064
1.3539639,0.738739
1.2302551,0.7443409
1.3611298,0.7362461
1.538887,0.8582783
1.0801964,0.661026
0.72379494,0.47760773
1.3468075,0.69849586
1.8522758,0.9352112
1.2339745,0.6937046
1.5242195,2.9553394
1.0795212,0.6466007
1.2273636,0.6736164
1.4240837,0.7256737
1.5182514,0.8925247
1.3192959,0.722908
1.4428606,0.7986784
1.1855669,0.68113995
1.920538,1.0865631
1.1627216,0.67111015
1.6884155,1.2664661
1.1837177,0.63145447
,
0.9789734,0.53342247
2.387722,1.0709877
1.9731445,2.5960236
1.3798237,1.2646141
2.6537066,1.1899977
1.4353924,0.77471924
1.6705627,1.3525276
0.92316055,0.54509544
1.2226849,0.80192566
1.0951996,0.6607876
1.9506474,1.1358585
1.2740126,0.72012615
1.9871559,3.520729
1.4840775,0.8876114
1.9679947,0.96123886
2.1731472,1.1051807
1.7328167,1.1102848
1.6712799,0.9031658
1.7931194,1.0150948
1.580452,0.8398361
1.6135788,0.9365845
0.98812485,0.67886925
0.8301277,0.74328995
1.4521751,0.70609283
2.205717,1.2682819
1.1959572,0.6855049
2.4479961,1.157156
1.2661724,0.8016758
1.1269732,0.6510744
1.1981106,0.69731903
1.9198112,0.9661007
2.789402,1.1573162
2.741024,1.3429184
1.5795116,0.8657532
,
1.9196033,1.318182
2.7056732,1.6574516
1.1999416,0.70041084
2.0966587,0.98293686
1.8418217,1.449606
2.880186,1.2479515
1.0988216,0.62732315
1.8800449,0.9558792
0.7255745,1.0634708
1.5151234,0.8160429
1.4708557,0.7918072
1.1105309,0.64094067
1.8523197,0.9405155
2.0654736,1.0551281
1.3426113,0.7441845
1.183878,0.6711178
1.8100128,0.92736435
1.2402687,0.7217808
1.8910999,1.0026188
2.6511803,1.1646004
1.1981258,0.68491364
1.386713,0.7402744
1.1259499,0.6477051
1.5334711,0.82301617
1.4580917,0.70023155
1.2638302,0.71853924
1.6869297,1.0190182
1.3219357,1.0479298
2.1163235,1.5213642
1.7863102,1.0752563
1.2051678,0.75647354
2.6004295,1.1685791
2.0785217,1.1007156
1.3039188,0.72802544
1.4877663,0.8599701
1.8958244,1.0682297
2.0691032,1.377451
0.9093151,0.60953903
4.006338,1.4248791
1.1821136,0.67800903
1.9972477,1.2429962
1.2683659,0.71372986
1.4561806,0.8089943
1.3368874,0.8599167
1.2320156,0.69434834
2.258606,1.0796661
2.2798977,1.0677223
2.25667,1.4237385
1.3951759,0.73415375
1.3458366,0.7077427
2.4912968,1.0762577
2.3453884,1.133009
1.2245216,0.61810493
1.0653801,0.6772957
1.3124924,0.7106209
1.4213505,0.7679634
1.0972252,0.6952038
2.5825615,1.3355484
2.71776,1.577837
1.2180271,0.6812782
1.4281406,0.8275986
1.2064419,0.68762016
1.0628872,0.9184437
1.2690811,0.6764221
2.506979,1.168335
1.1313992,0.65010643
1.6301842,0.8473129
1.753212,1.1683044
1.2747974,0.78264046
1.023675,0.6004095
1.3494682,0.67118645
1.9282799,2.910286
1.2771664,0.7583904
2.326952,1.028511
,
2.266511,1.1728888
1.2636623,0.70064926
2.186862,1.0512094
1.4435406,0.7283058
2.0989094,0.9929943
1.1903858,0.68316364
1.3291302,0.80465126
1.2130108,0.68369484
2.1633282,1.1551132
1.6384087,1.3675289
1.9012299,0.9597435
1.739871,0.89871883
2.3837519,1.1037645
1.2759514,0.82172585
1.4578629,0.77096176
1.7827606,0.8907604
2.9366455,1.2784691
1.1981258,0.67977524
1.8542671,1.0921898
0.9812603,0.59747314
2.0463104,1.1998253
2.89999,1.2662048
2.0147839,1.0001631
2.0300484,0.9971428
1.2819824,0.7113304
1.5807133,0.8692131
1.2647858,0.9384737
1.3356953,0.7466774
2.3143826,1.0675888
1.5962677,1.1383324
2.1300335,1.2757816
2.064682,0.96113396
1.3887634,0.7738056
1.3443928,0.901289
1.4984646,0.75218964
1.1859741,0.6475067
1.4302444,0.79271317
1.3576603,0.7425289
2.3724327,1.0663204
2.3628845,1.2734241
1.4961872,0.9061909
1.8665419,0.94223785
1.6147842,0.8541813
1.4265633,0.77322197
1.7082825,0.94962883
1.0243511,0.8999691
1.4323196,0.7594147
1.4098301,0.76467514
1.4155922,0.7522564
2.1193085,0.96138
,
1.1340942,0.7257633
2.149208,1.2607021
1.2301311,0.70007706
2.0591908,1.0113773
2.3270245,1.3867493
1.4213371,0.7919655
1.5949783,0.97873306
2.9108677,1.23526
3.127756,1.8261948
2.2010212,3.0992775
2.1098652,0.985342
0.57159996,0.4994583
2.4140205,2.9082642
2.237337,1.0566425
1.1592999,0.67738533
2.3761425,1.3099709
2.3373833,1.6016521
1.2317724,0.71583843
1.8411331,1.4418545
1.1536522,0.66290855
1.6289368,1.0030842
1.2503395,0.6939068
1.4738235,0.800663
1.3612404,0.7910404
1.6196556,0.86615944
1.4682446,0.7390747
1.20228,0.6604481
2.071804,1.0862427
1.1656132,0.66749
1.2266636,0.6453018
1.7522545,1.1260204
2.814354,1.217104
1.350832,0.74292564
1.2241459,0.6830368
1.0963535,1.061779
1.1474495,0.6794071
0.7279377,0.79740715
0.911726,0.7294941
2.3841915,1.0911102
2.078127,0.9980278
2.523857,1.2477608
1.3566189,0.9960613
1.6289196,0.82878304
1.1785259,0.680809
1.0921669,0.61509705
1.124795,0.6496954
1.0229836,0.5646095
2.1660976,0.9862995
0.62459373,0.7443409
1.6501045,0.8361664
1.9051113,0.89741516
1.0134525,0.7405491
1.9204206,0.9637556
0.9708557,0.54213715
2.9676323,1.2490749
1.1919537,0.6812
1.2973804,0.7476635
,
0.8158817,0.49780464
1.4180737,0.8452606
1.5879965,0.8453932
1.6929264,0.8741913
1.5734844,0.8754158
1.3812008,0.75896645
1.2526455,0.70843124
1.2252483,0.6946449
2.8383846,1.3014641
1.2807598,0.72187996
1.538702,0.98047256
1.8491936,0.9219742
2.1775227,1.3054543
2.0942078,1.1417675
1.3906631,0.759943
1.338604,0.7513561
2.1850395,1.0989475
2.463543,1.1328526
2.5846462,1.155262
2.2987041,1.1315784
1.6575127,0.8623028
1.4050179,0.7509918
1.2377472,0.7001915
1.6578178,1.041462
1.2855072,0.67043114
2.9137878,1.2656097
1.4681492,0.7674351
1.386775,0.77580357
1.5424747,0.94402504
1.3478813,0.75396156
1.2670994,0.6886139
2.2538738,1.0263996
1.4928608,0.7542515
1.4559689,0.75738907
1.2527351,0.7075405
1.14538,0.66750336
2.090767,1.1209888
2.047966,1.1642265
1.5590935,0.8315449
1.1688061,0.71610355
1.3870039,0.760787
1.2855663,0.70628166
2.5540104,1.3367233
1.1809387,0.6877041
1.3453655,0.7676697
1.3134861,0.7850704
1.0377293,0.77511406
,
2.0307426,0.9908352
1.1966743,0.67518234
2.2116966,1.2963753
2.217577,1.2021294
1.1831999,0.67486286
2.0651932,1.021183
1.5782051,0.8681469
3.039482,1.2729645
1.9837742,0.9785385
2.5999565,1.1755238
0.8922386,0.43886948
0.99840736,1.0893536
0.86247635,0.6784134
0.5166359,0.9719238
2.4573212,1.2288303
1.7625484,0.8448181
1.5851517,0.7802639
1.4716225,0.80374146
1.0745173,0.62628174
1.4903069,0.8144512
1.7388611,1.3791122
,
1.3685379,0.8028755
2.0545425,1.0102434
0.5330715,0.8984127
2.3509903,1.039547
2.0948505,1.0083637
2.939394,1.5004787
1.4084454,0.6006031
1.3080139,0.67803574
1.5233192,0.77186394
1.2776585,0.7876301
1.7368507,1.3384495
2.8868217,1.2072964
1.4073677,0.7890911
2.0458145,1.1644764
1.646286,0.9591522
1.1726637,0.67340755
1.4195194,0.7858505
1.7453117,0.86836815
2.375843,1.2140293
1.2564125,0.69781303
1.8768959,0.9497299
1.1138439,0.6551895
1.3344345,0.8542366
1.1386662,0.65909576
1.2436886,0.6558304
1.1756897,0.6709051
1.3810444,0.9488907
1.7332668,0.93540764
1.2621574,0.6784859
1.9569702,0.9786205
1.5590744,0.8261986
2.6080856,1.2001266
1.1116161,0.63554764
1.4236288,0.7816267
1.3784332,0.75644493
1.1371956,0.65213394
1.2100677,0.6875572
1.1910038,0.68754005
1.674572,1.1938686
,
0.8877125,0.8094177
2.4222355,0.8827362
1.546629,0.8264179
1.5901632,0.84447384
1.5352287,0.78577614
1.4740467,1.2052174
1.8743362,0.9494877
2.8688698,1.4494591
1.4594822,0.7860756
1.231247,0.742733
1.1308842,0.67415047
2.454153,1.1167889
1.157526,0.7806549
2.3224258,1.0876617
0.84425163,0.61621094
3.0372734,1.2519073
1.487711,0.9958706
1.1080675,0.6435232
1.197609,0.7662239
1.4173565,0.90782547
,
1.6705437,0.87031746
2.5492592,1.6447945
1.5812073,0.95882607
1.8983746,1.1642075
1.3384228,0.7688923
1.3881111,0.76441765
1.6790886,0.9041748
0.907917,0.65000725
1.1213856,0.6093025
2.2769585,1.2818604
1.2123775,0.65249443
,
2.0475922,1.3849449
1.5695534,0.87909317
2.6733532,1.2997532
1.771656,0.946455
0.9430561,0.6556301
1.5568924,0.82320976
1.3704281,0.71019554
1.4501171,0.7522888
1.1779709,0.67260456
2.3364391,1.1462288
2.4251194,1.492197
1.223669,0.67843056
2.1289673,1.010582
1.3942261,0.7626438
3.0011234,1.304409
1.9803333,1.2803383
1.544735,0.78216743
2.4740582,1.1878166
1.9125061,1.1056099
1.2644224,0.71259403
1.0955505,0.637413
1.2755089,0.66672516
1.3073006,0.77753067
1.8800812,1.1161766
1.4141331,1.0491428
2.6057138,1.1722403
1.7619076,0.97750664
1.4110279,0.7428627
1.8487043,0.9734106
1.380146,0.87620544
1.5777607,1.2184677
1.187994,0.71111107
2.3640137,1.1524181
0.7988033,0.58288574
2.1010828,1.0182419
1.1927624,0.6415558
1.2376442,0.6961136
3.049076,1.3244877
2.1267586,0.9706631
1.8546886,0.99632454
1.6201439,0.85403633
1.74193,2.292675
2.1926155,3.409029
1.7782898,0.94156647
,
1.2575817,0.7051525
2.7696838,1.1615677
1.3396511,0.6431694
1.470768,0.79021454
0.86706924,0.7397022
1.7740383,0.8966274
1.6464081,0.838377
1.2921753,0.65257645
1.8339233,1.4160938
2.4636517,1.2378445
2.5857925,1.2624798
1.126152,0.6538353
1.9054832,1.232338
1.3720455,0.7565937
1.379816,0.7641697
1.5046272,0.74228096
1.6107464,0.8505783
2.26828,1.466896
1.4248352,0.7564659
2.103569,1.067915
0.6207676,0.14764023
1.8468266,1.2019634
1.975071,1.0473518
1.371666,0.9367027
1.1090832,1.1952152
1.5131836,0.8103771
2.5270748,1.1143494
1.243145,0.6976948
1.300705,0.66314316
1.2501087,0.7042484
1.4333363,0.7800026
1.26647,0.7398281
0.90185356,0.59060097
2.4342728,1.0626354
3.4212132,1.2930012
1.4260616,0.76327324
1.399004,0.82266045
1.5947666,0.68800163
1.7500763,0.92129517
1.4261761,0.7643566
1.2363443,0.70446396
1.2725945,0.8042202
1.9856033,1.020216
1.2812271,0.5771637
1.2574577,0.70144653
1.4601059,0.7532959
1.3499813,0.72478867
1.3498306,0.7273636
2.414032,1.1231747
2.6965065,1.7632046
1.9054871,1.0763302
1.580019,0.942585
1.9778233,1.0883846
1.4231415,0.78334427
1.5416641,0.8008194
1.4662781,0.87140846
1.0776577,0.665308
1.4857588,0.7998133
1.2217999,0.6701565
1.0340528,0.6093378
2.6694336,1.3199425
1.7501659,0.8098068
1.1841412,0.82564735
1.6290493,1.0189285
2.265686,1.0616875
1.3876324,0.7615185
1.9917278,1.4283085
1.1963196,0.7539501
1.7114143,0.93955994
1.2882195,0.6263752
1.9882107,1.1548481
1.4992237,0.7836952
1.4923592,0.76338196
1.1280403,0.6367264
2.3701725,1.2276707
1.3812943,0.7504673
1.5041103,0.80711937
1.039278,0.6692047
1.3329945,0.7309303
1.4317474,0.86432457
1.170044,0.94174004
1.2042618,0.66866684
1.200655,0.6357994
1.2603836,0.73204803
2.786087,1.2239265
1.5965023,0.7666569
1.5205956,0.8861275
1.0546532,0.58433914
1.6008186,0.97512054
1.7798729,1.1297436
0.36618233,0.5655403
1.7516136,0.9107628
1.1693363,0.6819248
2.4836082,1.150547
1.2875481,0.70111847
1.2410603,0.7296581
2.2766018,1.0458546
1.5269899,0.81919575
2.4017487,1.0769863
1.2173252,0.6940079
2.6295586,1.1325855
1.2171917,1.1354733
1.1415482,0.6396885
1.0430088,0.5685692
1.3024426,0.7307024
1.7567272,2.7680893
1.8455906,1.289423
1.1461954,0.6616621
1.9260588,0.9628954
1.4379978,0.77975273
2.0938435,1.0661774
1.4785118,1.270462
1.0885868,0.6047058
1.2407551,0.9834881
1.3560772,0.7447567
1.3844242,1.4933357
1.470583,0.7176933
1.0625134,0.6093254
1.9311714,2.7903595
0.82974243,0.5047083
1.6408596,3.0057945
2.0646763,1.2362309
1.8993721,3.4852486
1.6541023,2.697668
1.9181328,0.98431206
1.1294374,0.6508446
2.156067,1.1547356
1.3240299,0.77495193
1.2316723,0.68094635
1.907402,3.3959217
1.7370796,1.1145744
1.1798801,0.67233086
1.1816702,0.6763439
1.2323837,0.7011223
1.8866444,0.9482403
1.7671051,0.91828346
1.1056023,0.7982807
1.7366009,0.8183098
1.4310703,0.8063545
0.9329834,0.48638535
1.265255,0.7107811
1.195652,0.6820545
0.807621,0.94605446
1.0915565,0.64429665
1.1553707,0.61808395
1.2488708,0.68774414
2.18573,3.1688423
2.2206783,1.3699379
1.1993713,0.6702194
1.1632805,0.758585
1.6734982,0.8886795
0.2373085,0.71175194
1.1862297,0.6502228
1.4049664,0.758749
1.7271404,1.0320473
1.7006435,0.90870667
1.9411507,1.439312
1.5145836,0.8235645
1.4210529,0.706789
2.097887,1.1300964
2.4065952,1.1288185
0.9118538,0.7346153
1.1747189,0.718359
1.2394943,0.7238083
1.070612,0.5852413
1.2815609,0.7227831
1.1593113,0.6615505
1.2735453,0.7168913
1.1650171,0.6689787
0.95500374,0.5629482
1.8966599,0.93574905
2.7247086,1.406086
1.2692623,0.73461914
1.7378998,0.98119736
1.1234913,0.6225853
1.5185986,0.6722927
1.1324635,0.73054314
1.9082298,3.4068527
0.6908169,0.98308563
1.2401848,0.96628
1.0990486,0.63873196
1.9149837,0.95896435
1.1983795,0.711977
1.9149818,5.1138783
0.958519,0.2358303
1.2409573,0.69979477
1.6216164,2.493847
2.5388203,1.1815853
1.1901903,0.6869154
1.2454224,0.6987686
1.1937027,0.6605358
1.312809,0.63586044
1.1021557,0.9837856
1.5643005,0.8274212
,
1.425148,0.7655678
1.3299465,0.62293243
1.8983593,1.1707878
2.0739498,1.0893536
1.6930199,1.2477665
1.83601,0.93273926
1.436491,0.7771435
1.8435116,0.84003067
1.0612545,0.6220808
1.1054678,0.6377344
2.329153,1.1786613
1.5311031,3.4436817
1.0970345,0.6695461
1.9838085,0.9164257
1.7707558,2.9663067
1.1099911,0.65784454
1.1200008,0.6552849
1.7949238,0.98028946
1.0764561,0.7498188
1.1027584,0.65777206
1.1948547,0.8211689
1.1592407,0.6619892
1.3791466,0.7303791
2.1461678,1.0146351
1.7533436,0.8604603
1.6793747,1.6896172
1.0589142,0.6174412
1.5708103,1.5626717
1.2362461,0.7399349
2.1988049,1.0825615
2.15728,1.1367779
,
1.2618389,0.66983414
2.1871986,1.2723827
1.9420681,2.902422
1.5897503,0.9460621
1.7404461,1.428339
1.1238079,0.64125824
1.6206741,0.92272377
1.6677322,0.93463135
1.4643497,0.86773777
2.365261,1.1390133
,
1.381506,0.7865429
1.2741203,0.76787186
1.7376175,1.5788841
1.4572678,0.79174614
1.7772636,1.2330093
1.3070354,0.7817211
1.3300705,1.5883579
,
2.4737263,1.4440498
1.7498283,0.90008736
1.2000904,0.6431503
1.3255787,0.7559719
1.2378883,0.6721573
1.9964867,1.5601444
0.9044838,0.6987934
1.2354946,0.7009325
0.9328909,0.5551214
1.5498428,1.289154
1.1749973,0.67370796
1.2088566,0.63100433
1.5531664,0.82971096
1.9712143,1.2847157
1.5800247,1.3957043
2.2845058,1.0774784
1.8252068,0.9233227
1.5622234,0.8364897
1.4244871,0.778039
0.65255356,0.57777023
1.4248466,0.7645321
1.4440231,0.76543236
1.3651257,1.0175934
1.9207783,0.87685966
1.1577415,0.69994736
1.0472965,1.0550747
1.245779,0.73898315
2.0085945,1.0050964
1.519062,0.78325844
2.2998657,1.1031151
1.8609486,0.8637371
1.5676517,0.76758575
1.8516445,1.2344666
1.3430138,0.73988914
1.1238146,0.64939976
1.2972507,0.65826416
1.6923466,1.0123329
1.545351,0.830986
2.2221184,1.29706
1.2307987,0.7921753
1.3949795,0.74983597
1.0077305,0.59487724
1.21381,0.68300056
0.8951855,1.1251698
2.140913,1.2507992
2.9565144,1.3263054
1.3998013,0.7477455
1.0215931,0.67111206
1.4771347,0.7965851
1.3932762,0.90176773
2.7664452,1.1795559
1.2848301,0.7335949
1.1945677,0.6843424
2.1248493,1.2332668
2.4619713,1.0930958
1.2608528,0.7326708
1.3089008,0.7305374
1.731514,1.0292759
1.3911362,0.7581272
1.4093351,0.7755728
2.4867668,1.1229439
2.091566,1.0401077
1.2088318,0.68952084
1.4593315,0.7680359
1.5406513,1.0346813
1.1858292,0.7309799
1.7973957,1.4220943
1.1305504,0.2730255
1.2812634,0.7146683
1.6418972,0.87334824
1.6931381,1.0788517
1.8353901,1.2901497
1.6750326,0.8768625
1.0773935,0.6253786
1.9184875,0.88904953
1.5863762,0.84521675
2.1006584,1.0718899
1.2930775,0.7114315
1.9839153,0.9918823
1.220129,0.6882324
2.7901516,1.8200817
2.5471802,1.7934723
1.2758923,0.72169876
1.6665859,0.92028046
1.3061371,0.7233467
1.7186108,0.9161625
1.8039093,1.094368
1.411375,0.78009224
2.083477,0.93453217
1.354929,0.76397896
1.1529083,0.6700764
1.16434,0.66442204
1.8351974,1.0429783
1.4349651,0.77630234
1.500679,1.3308792
1.1093273,0.8144951
1.5872583,0.8401747
1.3769197,0.76587963
1.1888962,0.6771622
1.1036663,0.6522045
1.7256489,1.1687679
1.1730042,0.681612
1.4731636,0.6665573
1.1200418,0.6445875
1.3857822,0.75019073
2.105503,1.0212116
1.4289436,0.78215027
1.1135807,0.59918594
1.6845036,0.8900509
1.6113453,0.8240814
1.2697506,0.6999607
2.8713436,1.2342014
1.2551765,0.7065582
1.2413712,0.7041054
1.469202,0.8334465
2.0254993,1.2428398
0.5615673,0.8540611
1.8182049,1.3004303
1.412363,0.78637314
1.4918289,1.2074833
2.4634132,1.439909
1.5126553,0.84410286
2.5866013,1.379322
1.2512474,0.6908016
2.2138424,1.1522331
1.4499226,0.76898956
0.77178955,0.3780346
2.057724,1.4228783
2.0090427,0.96437645
1.7142563,0.8526859
1.7306957,0.88803864
1.7654247,1.0336399
0.8174515,0.9116802
1.4968624,0.69558144
1.7870846,1.2865143
1.856842,1.0071526
1.3368454,0.7702465
1.3500729,1.0159664
1.7660332,0.8942585
2.1487637,1.08568
1.549675,0.8327694
1.2005177,0.67490005
1.8096161,1.2924671
2.4978046,1.1402454
1.2485046,0.7084751
1.6319923,0.8618374
1.4263248,0.766716
1.2908916,0.6981735
1.1398544,0.6616707
2.6650734,1.0997944
1.269989,0.7111263
1.5426998,0.8235359
1.9454975,1.0629578
1.1547966,0.7924175
0.5909977,0.85137177
1.2173862,0.64004517
1.7895584,0.9155903
1.3195229,0.6836128
1.9470673,1.1873989
1.1027603,0.6118088
1.2276955,0.70049095
2.8945866,1.2596359
0.94003487,0.5683861
1.3368664,0.7385826
1.1433468,0.6236801
1.5447502,0.80775833
2.120037,1.5807247
2.2413025,1.2339573
2.3755627,1.4970512
1.4827557,0.75372505
1.8509464,1.4604797
1.2385092,0.70449734
1.3034935,0.7141342
1.4322376,0.7698555
2.1030731,1.2595596
1.7113361,1.2132397
2.0364876,1.2172031
1.414257,0.7757969
2.5722256,1.13698
1.2643108,0.7798042
2.4363842,1.114294
0.9435406,0.9901295
1.2127924,0.6888838
0.7808876,0.58745
1.9126434,1.1095219
1.0199032,1.0437622
1.230957,0.69742966
1.2456207,0.7283249
1.594101,0.8350544
1.5848141,0.9684162
1.2596054,0.8015137
2.516262,1.136507
0.8441696,0.69335747
1.5264931,0.81844044
1.1216984,0.6276283
1.5229301,0.8712845
1.2954407,0.6951504
0.91415787,0.61922264
1.263094,0.67136765
2.389944,1.123848
2.4372253,1.0751133
2.0739937,1.1004848
2.9089565,1.2138824
1.2221622,0.6947689
1.9788971,0.95248413
2.2180653,3.4480515
1.8322697,1.3720951
1.5100517,1.2177525
1.5988293,0.899065
1.488718,0.779356
1.3475399,0.7437496
1.3968582,0.78253937
,0.9003334
1.1781254,0.61660576
1.5184422,0.8182869
1.8502693,1.2953815
1.230155,0.7063303
1.5910797,0.84082603
1.4852734,0.80890465
1.5824633,0.8416796
2.2379436,1.132
2.4998665,1.2777996
1.5741291,0.8144436
0.9866257,0.80382156
0.9876671,1.1588917
1.5015411,0.80960846
1.2109623,0.6924734
1.2478771,0.7813339
1.7868652,0.8850937
1.9258289,0.9661007
2.1472778,1.0772533
1.3008041,1.187479
1.5093231,0.9013729
1.4851007,0.8066492
1.4484692,0.71779823
0.6390877,0.6490383
1.3573446,0.7518215
1.6468658,0.8628826
2.1135063,1.0183601
2.6320972,1.1837826
1.1086788,0.7381573
1.9135923,0.9610472
1.3190804,0.7087631
1.5517197,0.79846954
1.179596,0.66615677
1.1658154,0.37666702
1.2133045,0.9734707
1.3600368,1.0927906
1.3495026,1.119379
1.5468063,0.83524036
1.9947186,1.1570377
2.3421898,1.0858898
1.7281647,0.8702507
0.7145138,0.9169483
1.2394094,0.70170593
1.0812016,0.593256
2.1229382,1.170618
2.117525,1.5528488
2.5406628,1.6655426
0.80020714,0.528492
1.2269154,0.7023449
1.5988579,0.8499565
1.653305,0.69675255
1.9525089,3.2599125
1.1113281,0.649353
2.0130978,1.1576481
1.3415318,0.74967575
1.1740074,1.0385151
1.8472633,0.98565674
1.4975529,0.9320297
1.5642872,0.8263855
0.9233551,0.7325878
1.2003937,0.67661095
1.0562611,0.5899887
1.0625858,0.7842407
1.440568,0.7894583
1.4115019,0.78493977
1.3735008,0.7602711
1.4034748,0.75561714
1.322917,0.7355766
1.3490143,0.7399502
0.8691368,0.5954704
1.0888042,0.6145916
1.1093111,0.64104176
2.5269299,1.7074833
0.6675606,0.7096958
0.70368767,0.86242294
1.1613388,0.72266006
1.1480122,0.8992481
1.4425964,0.7745075
2.4692135,1.2806835
1.9069061,3.3979206
2.0607014,1.0970745
0.7186527,0.54242706
1.2704678,0.6881027
1.3178673,0.72457314
1.5884113,0.87366295
1.4375839,0.78614235
1.9076691,1.0884209
2.0455055,1.0051775
1.7035389,0.898283
1.4016247,0.7723808
1.7194691,0.9583187
1.6544037,0.8906708
1.9503708,0.96759605
1.45018,0.8344555
1.8490028,0.93185616
1.1753559,0.6724415
2.1917458,1.0456753
1.8674011,0.9145565
1.0629005,0.59132385
1.1353359,0.61460304
1.2372322,0.68486786
1.0889359,0.6006794
1.3902874,0.69942665
2.156414,1.12113
1.1403294,0.665884
1.3021221,0.6710186
2.396553,1.0767231
1.3717918,0.98666763
1.0647488,0.621088
1.7462826,1.00634
1.8440742,3.362337
1.5042267,0.7845936
2.473444,1.1303253
0.9484768,0.57341003
1.2470446,0.7107744
2.3951626,1.1323643
1.0362778,0.60642815
1.1761494,0.6996231
1.1488762,0.6357155
1.4080753,0.766943
1.4855938,0.79629517
1.1910915,0.80145645
1.8613491,0.9596939
2.2115993,1.1868973
2.7152786,1.2052574
1.8298435,0.93292236
1.866827,2.773985
1.7948837,0.9628773
0.98467445,0.5845413
1.960846,1.2416687
1.8051529,1.0241756
1.2854652,0.7435055
2.371973,1.0876598
1.129838,0.65046215
1.197259,0.684103
2.3480587,1.0919094
2.7263565,1.1988373
1.4356031,0.7855911
1.4201736,0.92147636
1.309515,0.8101635
1.2238388,0.6849308
1.3867836,0.78676224
,1.1300335
1.1257114,0.70580673
1.4232311,0.81446075
2.225443,1.3352509
1.777523,0.8655777
1.2505627,0.7074833
1.1626244,0.67552376
1.5122204,0.8491421
1.6815948,1.1393337
1.1309643,0.6162224
1.3035622,0.8914318
1.1440678,0.65258217
1.6473951,0.86587334
1.0620747,0.6218834
1.0981216,0.6520653
1.2793884,0.7203865
1.2992496,0.9273548
2.8741856,1.2262897
1.5724335,0.8407192
2.2671509,1.267683
1.1765213,0.67435074
1.9041061,0.94890594
1.6399059,1.086649
1.4292707,0.7813568
2.5972424,1.3767815
1.3139267,0.7368984
1.3377666,0.74187756
2.204258,1.2964764
1.8168449,1.2862072
1.103344,0.5825615
0.99954224,0.9885788
,1.5308323
1.4605913,0.79639244
1.124876,0.6139107
1.6156273,0.860857
1.560257,1.1243896
1.2661533,0.723341
2.4827747,1.1325245
1.4051933,0.8506317
2.0738125,1.1133175
1.6031132,0.8045502
,
3.3109646,1.2935352
1.7089386,0.89492226
1.4645557,0.7999649
1.9637489,1.3593807
1.0099487,1.021265
1.9786148,0.9914322
1.9363308,1.1617126
1.3244247,0.82390594
1.2941542,0.73278904
2.062706,1.0144272
1.274416,1.2218075
1.9110813,1.0392132
1.1732559,0.65159035
1.4954205,0.8029461
1.4914417,0.8146038
1.7270126,0.9076996
1.751358,0.88804626
2.2003574,1.0433769
1.18684,0.67596245
1.2390747,0.72532463
1.4823179,0.79904747
1.4585514,0.7805195
1.5752335,0.7122383
1.9257202,1.1266537
1.2453842,0.70907784
1.1843796,0.67363167
2.8714218,1.2489395
1.70327,0.8875065
1.0013523,0.6946354
1.8126621,1.2468662
2.3035069,1.2422581
1.2242241,0.7036438
2.4029102,1.1546783
1.1494732,1.1121979
1.2845659,0.723052
0.9495888,0.56404877
1.188137,0.7078705
2.203619,1.1287613
1.6213703,0.9186306
1.492979,0.9584236
1.1722145,0.6693802
,
1.6111155,0.8518925
1.9333096,1.2123604
1.0017433,0.573925
1.9837875,1.0683537
0.81728935,0.40286636
1.0665131,0.66147614
1.6867313,0.86875725
1.9693222,0.9749069
1.436121,0.94973946
1.1635952,0.6757984
1.8673363,1.0316925
2.0626316,1.0165634
1.5658073,0.83638763
1.1334572,0.6436348
1.1622791,0.6718159
1.1133633,0.6508179
1.4153557,0.72792053
2.6350098,1.1720142
1.7936287,0.8723221
1.7129574,0.84661674
1.1733513,0.6457195
1.7236462,0.8983307
2.3580055,1.0885639
2.5203152,1.2540951
1.2015934,0.7102432
2.1429977,1.0485363
2.0220604,1.1843624
1.1906948,0.6871395
1.8737946,0.9598274
2.4483452,1.0913391
1.6842957,0.9265671
1.4432964,0.8227329
1.246727,0.6933098
1.8033276,0.91005707
,
2.4973564,1.7594795
1.2264938,0.738966
3.535963,1.355751
2.2519588,1.1755695
1.6704483,0.8602638
1.4606094,0.79457283
1.1457386,0.6589031
1.5302219,0.82333565
2.3925056,1.1195946
2.2927647,1.3605366
1.4083748,1.0280609
1.2030354,0.6993542
2.0126781,0.9900322
1.9927502,1.0709019
1.9761581,0.9444809
1.5195408,0.76950264
1.2525167,0.7093029
1.1888056,0.6809149
1.0416241,0.6129761
1.1472721,0.66193104
1.8150358,0.92456913
1.45397,0.7916689
0.8764019,0.62418175
1.4219265,0.7600117
1.7902527,0.85723495
2.5740013,1.1450405
1.3175201,1.0340672
1.3575096,0.90016365
1.2947826,0.7104511
1.9501266,1.0792313
1.3682184,0.7566166
1.3068161,0.7376938
0.8718624,0.6709423
1.2377796,0.6800957
1.2606907,0.7118416
2.292282,1.2498932
1.9797325,0.98439026
1.6729298,0.89294624
1.9328251,0.95373344
2.9117794,1.2560844
1.6282129,0.85913944
2.5875454,1.2509308
1.6889801,1.2710838
1.9898167,1.3439255
1.2018509,0.6702137
1.5223427,1.2007389
1.6141586,2.7351227
2.266264,1.0400982
2.3279076,1.0570278
2.6614666,1.2948456
1.1282825,0.65014935
1.6226835,0.8537226
2.6586456,1.2510872
2.1431084,1.284874
1.4445839,0.78383636
1.2700138,0.70835304
1.3616638,0.7478676
1.3421402,0.7520962
0.86325264,0.59010696
1.3867483,0.77748966
1.7948933,0.9064388
1.5899544,0.8993416
1.3430405,0.7407627
-2.8764458,1.0474644
2.0597286,3.0986938
0.96414757,0.5790539
1.2446003,0.6797581
,
1.5339718,0.9214821
1.0878859,0.63718414
0.93634605,0.6675949
1.4500427,0.98296356
1.8550987,0.92572594
1.1786385,0.84498215
1.4411125,0.7927036
2.0361977,1.3157024
1.3228264,0.91337776
1.5520439,0.8132591
1.2593718,0.7090044
1.3536606,0.71718407
2.321144,1.1868286
1.2573423,0.70460415
1.1703234,0.6713209
1.922121,0.9433193
1.5337658,0.8236761
2.3372765,0.97405624
1.3460503,0.7129154
1.4615192,0.8017063
1.3924198,0.82764435
1.6757584,0.8612213
1.2490978,0.6930542
1.1238308,0.6760845
1.3569355,0.75875854
1.3276234,0.7686367
-0.055194855,0.6590862
1.4780569,0.80331516
2.5651016,1.1531467
,
1.0127373,0.5860081
3.076004,2.0002556
1.4608669,0.814106
3.014862,1.9979763
1.8780212,0.95409393
1.2915764,0.7882614
2.1314335,1.0457554
1.1036997,0.64147186
1.552433,0.8310089
1.3135834,0.90189743
1.343647,0.72989845
0.8374119,0.54922295
0.7073021,0.6223202
1.1095667,0.6444349
1.2060299,0.7074013
2.2817135,1.3172836
1.8333359,1.1335793
1.5260487,0.82163906
1.018753,0.9060459
1.6398563,0.89528275
1.1743155,0.6781435
1.4075308,0.7732382
1.7781544,0.9397507
1.8678894,0.96290016
1.5236483,0.82177067
1.3332367,0.687767
1.4213905,0.7711773
2.7378445,1.2662926
1.2680378,0.86193085
2.0428486,1.1806831
1.6918755,0.88229847
2.579609,1.2833805
2.0501747,0.9901314
2.2839966,1.09869
1.5316133,0.8204956
1.4130688,0.7891674
1.9107571,0.96650314
,
2.0012407,1.1584368
1.9285431,0.9481907
1.9120445,1.2689991
2.2267723,0.69907
2.3139935,1.2551289
1.2808418,0.72436714
1.6763191,0.8530712
1.1032982,1.1087856
1.4716072,0.7668915
1.3605909,0.752059
1.2884369,0.7314434
2.1247387,1.0373135
1.6245441,0.9231186
2.3135471,1.1021175
2.7703,1.2069855
1.4099522,0.71952057
1.4052238,0.92484474
1.4304771,0.96084213
1.2464638,0.64704895
1.5279484,1.0988197
3.3981972,1.35462
1.3681545,0.76132107
1.6935825,1.1766338
1.9543686,1.448452
1.890625,1.1373196
1.9650364,1.0022984
1.3838806,0.89930725
2.2197075,1.296978
-0.056037903,1.196209
1.2138824,0.6871681
1.18435,0.67813873
1.2003193,0.6871605
2.6889057,1.2477226
1.199337,1.2287083
1.2888536,0.72105885
2.0869656,0.99441147
1.1499376,0.6594858
2.0130367,0.9508133
1.3954983,0.7423401
1.6040325,1.5959339
1.1602936,0.6607952
0.6463318,0.5035362
2.5294933,1.1978416
1.4814281,0.9141998
1.5130081,0.8169632
1.9180298,1.102848
2.0385485,0.9992418
1.2966833,0.7335634
1.1900673,0.72644615
1.3041439,0.733551
1.9233017,0.9846325
1.292964,0.7217617
1.8035336,3.5092049
1.3550625,0.73441505
2.0337257,1.1392803
2.3419018,1.0782108
2.1269054,1.653347
0.7993126,0.7902603
1.3156052,0.7798786
1.7825155,0.92511654
1.2581005,0.68367577
0.96920395,0.5681572
1.3667412,0.7580128
1.415165,0.776556
1.1809464,0.6738806
1.3850842,0.73073006
1.1391563,0.65343666
1.3220654,0.7659359
2.6862507,1.3403091
0.9463024,1.197176
1.1333485,0.6810055
0.99152565,0.6054821
1.245183,0.7034855
1.8721886,2.973606
1.3557701,0.728775
2.177412,3.2113152
0.85850906,0.94815636
1.0929718,0.6379471
1.9597225,1.0636387
2.027935,4.0214367
1.3439884,0.6872196
1.160656,0.7632694
1.1313725,0.6531744
1.4767189,0.96875954
0.8233547,0.79395866
2.6166763,1.1558781
1.9915485,0.9559593
1.285779,0.722085
1.5625706,0.830183
2.283432,1.0753746
0.4617691,1.1182556
1.4976654,0.8128967
1.2207623,0.6910534
2.6976624,1.1738758
2.100109,1.018961
1.7792854,1.1521626
1.1530838,0.61021996
2.5383663,1.137701
0.8374615,0.5096245
1.460537,0.7469368
1.5746937,0.79639053
1.8583107,0.91666603
2.2078514,1.317627
1.920702,1.3661594
1.9288635,3.3436146
2.058773,0.98002815
1.8046017,3.3555775
2.7980099,1.2698956
1.3535118,0.76732635
1.7531948,1.0704079
1.3802509,0.6422119
1.0765705,0.6280689
1.1518774,0.6582804
1.2791939,0.7067528
1.2691402,1.3820839
1.7601547,0.7642212
1.1450882,0.63723373
1.8653355,3.1364975
,
,0.85964966
1.8407879,1.2776833
0.89461136,1.3656635
1.4108124,0.7919693
0.9788933,0.5856514
0.9686279,0.7733631
0.75144005,0.6558151
2.0092258,0.9791775
2.026741,1.4960709
1.090086,0.6597042
1.4193363,1.2122478
1.3012829,0.736331
2.3270855,1.1273117
1.0814342,0.9195423
1.7142944,2.8923435
1.6167545,0.84820557
2.0186253,1.3367443
1.1364145,0.65689754
3.2191792,1.3030128
1.6019192,0.94672966
1.3215237,0.72366714
1.0931683,0.64644814
0.79530144,0.53770065
1.9526329,1.014143
1.1199074,0.6982174
0.36131477,1.3377895
1.8689976,1.1836624
1.9607964,0.9755707
1.1656494,0.6289921
1.3776016,0.7880802
1.1422997,0.70586586
1.1843033,1.0810375
1.1090641,0.6403198
1.4840298,0.78909683
1.3241405,0.77108383
1.4587269,0.7910042
1.131319,0.64167595
1.896246,1.0487976
1.3882904,0.82854843
1.1201248,0.64139366
1.6865463,0.88397217
2.013733,0.97029686
1.7929058,1.0727825
2.1888351,1.2717876
3.4139671,1.4243431
1.6007957,0.93717766
2.468069,1.2464962
2.4163132,1.0394173
1.9904308,0.98005295
2.0958538,1.0702267
2.1536064,1.0480995
1.1286983,0.6447277
1.8069477,0.9014416
1.2464161,0.7119255
1.9732704,1.1059799
1.3041859,0.756485
0.65740204,0.9077244
0.9886799,0.5858898
1.4461727,0.7942333
1.5444508,1.0721169
0.9215698,0.55789566
1.2103348,0.65946007
1.6848469,0.96004295
1.5570984,1.1858902
0.9742222,0.54574394
1.2734652,0.7181015
1.5583649,0.83031464
1.5364189,0.83517265
1.489809,1.1966839
1.3975163,1.1884708
1.2933617,0.88801384
1.931839,1.2555752
2.182211,1.0766392
1.2246151,0.7301998
1.2595387,0.7258854
1.4729805,0.8050747
1.2460651,0.7080307
2.2707367,1.1724586
1.5776749,1.406847
1.6289139,0.85653496
1.2594814,0.7068157
1.8881702,0.9427452
2.1526203,1.2343864
1.2702503,0.7077999
1.6100178,0.85321045
1.0840797,0.5943661
1.2173862,0.6825886
1.6367598,0.902709
1.0796185,0.62638474
0.41301346,0.5610485
1.3834267,0.77807426
1.0798893,0.65639114
1.3248425,0.97278595
1.587965,0.80895805
2.6481762,1.1490974
1.4070683,0.86468506
1.7025414,1.2604523
1.3389797,0.71993446
1.465559,0.7737446
2.690878,1.1589928
1.7260437,1.1713428
,
1.3050995,0.72766685
1.1399956,0.68538666
1.403615,0.77016544
1.9482536,0.9613037
1.8535938,1.0391331
1.5886669,1.0817509
1.3016415,0.7383766
,
1.5442524,0.81513023
1.7733822,0.80452156
1.3288574,0.75657654
1.627861,0.87769127
1.6129475,0.8812542
1.3050251,0.71531487
1.5950623,0.84828186
1.4190254,0.71294785
1.1343975,0.65008736
2.3455086,1.0033989
2.0093584,0.9940767
1.321312,1.0520821
2.487873,1.2048664
1.417038,0.7157936
1.190794,0.47418213
2.3537922,1.1716728
0.55869675,1.112112
1.3359375,1.0812969
1.2587919,0.7084904
1.2507477,0.7196026
1.8321285,0.91752815
1.2761326,0.6939926
1.5631638,0.832304
1.2772903,0.80610466
3.2085915,1.2791042
1.2044477,0.68462753
2.4092464,1.2038574
1.6243801,0.79504013
1.9722023,1.3140087
2.1729145,1.2718792
3.4308262,1.5608768
1.2194347,0.6917572
1.1789341,0.646307
1.4746857,0.7975559
1.8649731,1.0000038
1.378252,0.77347755
1.4964933,0.8101063
2.168789,1.0523357
1.1940823,0.71299744
2.8054466,1.16469
2.0365543,0.9844036
1.2970028,0.71300507
1.0233192,0.5875416
1.4219131,0.78183365
1.1436224,0.66024685
1.1221399,0.64830875
1.7896729,1.1191235
1.4207993,0.9908619
2.1292744,1.1389542
1.3023815,0.74064064
2.904316,1.2052803
1.2570972,0.7007885
1.955534,1.2370663
0.47244644,0.6837902
2.6438522,0.9753761
1.4334412,0.774395
1.3201008,0.721611
1.2184258,0.8175831
1.0428963,0.839695
2.5207043,1.1363335
2.148489,1.3112202
0.97914505,0.5290737
2.2201023,1.0371685
1.208641,0.6624336
1.126606,0.6953583
1.435772,0.7816849
2.3540516,1.00004
1.394577,0.7629967
1.8170433,0.81934357
0.74585533,0.4367962
1.529705,0.8034115
1.1792202,0.62340164
1.8626957,1.1856976
1.6313839,0.7984276
2.4009209,1.1084843
1.4815464,0.80672073
1.044837,0.6146412
1.0257511,0.8310127
1.1413612,0.668087
1.9102535,1.087925
1.3892078,0.8010998
1.0253944,0.7798214
0.8811493,1.5355549
1.2046795,0.69433594
0.7470455,0.6200409
1.8045464,0.8859863
2.0345707,1.2436657
1.4898329,0.80821705
2.5967426,1.1117191
1.23073,1.4029312
2.5721664,1.3481007
1.1927433,0.63028336
1.7812405,1.1988754
1.8501072,0.93455315
1.1756897,0.68832207
1.2787895,0.7136116
1.7039833,0.8701496
2.2508144,1.4561234
1.356863,0.7368374
1.3938808,0.76322556
2.786108,1.2321968
1.5532618,0.8297901
1.4420795,1.0445232
1.5418491,0.8193855
,3.5992737
1.2155704,0.6523323
1.304802,0.6820507
1.7134762,0.8816643
1.9944897,1.0066814
1.4800854,0.93676186
1.1695595,0.62072563
2.1438522,1.2507687
2.1773949,1.2435093
1.3887463,0.766346
1.8036404,0.906477
2.168356,1.1545258
2.3681068,1.1961613
1.1127892,0.79898834
1.5865192,0.92258644
1.471921,0.79720974
1.2131062,0.69185257
1.1897564,0.7135391
1.1120415,0.5570812
0.5725994,0.7119751
1.9396935,0.9948063
2.1259422,0.97246933
1.1137257,0.56679535
2.2892418,1.2781372
1.4761848,0.7289963
1.5196304,0.87010384
0.9587555,0.52970314
2.0453186,1.3216648
1.692461,0.8721905
1.866148,0.9780178
1.697691,0.9688721
2.0824547,1.4114552
0.54076004,0.9324703
1.1324339,0.8543215
1.1684494,0.58456993
,
2.2645874,1.2177734
1.4821873,1.1802673
,
1.2991276,0.71229744
2.0854378,1.0047894
1.347475,0.8726139
1.3010349,0.7808342
1.9409561,1.2648468
1.9738884,0.97821045
1.0830517,0.64528275
,
3.2558393,1.4255877
0.8007679,0.48681736
0.8616123,0.5063896
2.4052896,1.1136179
1.9471264,1.0945072
1.2400341,1.5195236
1.1721249,0.75193596
1.5431652,1.1843319
1.1303921,0.6220188
0.69408417,0.9152565
1.1129684,0.6418419
0.95386124,0.8239422
1.1865311,0.6828041
1.8088398,0.9624157
0.4143753,0.53818893
2.558012,1.2294197
1.8646259,1.0802937
2.3352108,1.442625
1.1337585,0.6539335
1.409872,1.1101913
1.4142704,0.7609348
1.4620514,0.72912025
1.3957901,0.68118095
1.30723,0.7218571
2.414051,1.1485214
1.2015867,0.6858511
1.3294907,0.6980438
1.2061253,0.8272972
1.4199543,0.7610111
1.2628689,0.7121239
1.0200005,0.54379654
1.9201946,2.9789734
1.9228172,0.91521263
1.41714,0.78036976
2.120037,1.1210747
1.4454899,0.79977036
1.3671627,1.317688
1.0982037,0.6366482
2.430462,1.1099968
1.3628922,0.7658138
1.6773758,0.8319092
1.7817898,0.92612076
1.4628468,1.2958527
1.1724567,0.64510536
1.4888725,0.7599373
2.7591038,1.2558022
2.0640068,4.0357246
2.0742283,1.0430679
1.9789562,0.9637947
0.70547676,0.50647354
0.81679916,0.4966879
2.0200672,3.3379326
0.73497105,1.3557444
1.5621624,0.83403206
1.2441139,0.66578484
1.4882851,0.8561497
0.92993736,0.7709522
1.50601,0.81583023
2.064867,1.0800648
1.7580757,1.29146
1.1359367,0.68932533
1.2704182,0.72307587
1.2481203,0.7001028
1.0744438,0.62361145
1.0973492,0.63095284
2.6098366,1.1536503
1.7846375,1.5284061
1.352932,1.1071529
2.1881123,1.2795601
1.7514267,0.9532776
1.1264153,0.5918579
1.8292217,1.3448162
0.8233566,0.87333107
1.0167036,0.5974121
1.8688583,0.91962814
1.0924797,0.671957
1.8768177,1.1874027
1.4107151,0.76691437
1.5995102,0.84552574
1.1351509,0.6539116
1.6313801,1.2536583
2.2395878,1.0213108
1.8879223,0.92183876
1.2445564,0.6971874
1.3359165,0.8147335
1.2198257,0.69460106
1.161129,0.9091835
1.630127,0.8705654
1.3445911,0.70571136
2.2249222,1.0342884
2.3809013,1.2698841
1.5347958,1.0854301
1.1683273,0.66822433
1.0673695,0.6246071
1.3130646,0.7651825
1.4595337,0.7944946
1.3281078,0.7013836
1.3937836,0.7459564
3.7290363,1.2432194
1.5194712,0.822587
-1.1469593,0.85201454
1.442339,0.7904968
1.4003143,0.7417011
1.7226887,0.87217903
1.5341702,0.8205776
1.4384403,0.7512703
1.8699703,2.9946346
1.9467506,0.9756508
2.0784683,1.2132797
1.7105064,0.6999588
1.5379944,0.8121071
1.60635,0.8810501
2.2412596,1.0645189
1.4170418,0.9005356
